{
  "TofSLAM": {
    "eee_01": 0.056721671804046324,
    "eee_02": 0.0520105690818051,
    "eee_03": 0.08980669906870346,
    "nya_01": 0.04863214712057369,
    "nya_02": 0.09050826300394256,
    "nya_03": 0.07387157278768397,
    "sbs_01": 0.06358432174489193,
    "sbs_02": 0.07620589765143711,
    "sbs_03": 0.06759188975926538
  },
  "LIO-SAM": {
    "eee_01": 0.07431909693617256,
    "eee_02": 0.06850534096096697,
    "eee_03": 0.10036651258962545,
    "nya_01": 0.07663829023131868,
    "nya_02": 0.09083269643528448,
    "nya_03": 0.08231199764294765,
    "sbs_01": 0.08662900877165683,
    "sbs_02": 0.09682428121655853,
    "sbs_03": 0.08479758612429185
  },
  "FAST-LIO2": {
    "eee_01": 0.13545824118766167,
    "eee_02": 0.1250933922493438,
    "eee_03": 0.1640677275740368,
    "nya_01": 0.12373129658719755,
    "nya_02": 0.1442669843509599,
    "nya_03": 0.14550166276017212,
    "sbs_01": 0.14205429642444303,
    "sbs_02": 0.1482496694211643,
    "sbs_03": 0.1344970340353815
  },
  "Point-LIO": {
    "eee_01": 0.13141610400704823,
    "eee_02": 0.1252298791016818,
    "eee_03": 0.16662274921713668,
    "nya_01": 0.12436713881260762,
    "nya_02": 0.14238964026093262,
    "nya_03": 0.14479521411103113,
    "sbs_01": 0.14446792372629233,
    "sbs_02": 0.15122905414033927,
    "sbs_03": 0.13524909343604286
  },
  "iG-LIO": {
    "eee_01": 1.011330020810339,
    "eee_02": 0.13789135816507456,
    "eee_03": 0.16618318247419167,
    "nya_01": 0.13864889292231597,
    "nya_02": 0.21922713934617444,
    "nya_03": 0.15287742262297935,
    "sbs_01": 0.14085987826331406,
    "sbs_02": 0.14547239242086063,
    "sbs_03": 0.8027784471384399
  }
}